{"id":"My-Finances-25a48dd","budgetName":"My Finances","userId":"99b14ec1-e961-4eb6-a153-cf2ceb027873","lastUploaded":"2023-11-25","groupId":"3cad7e04-66c6-46ce-bdfc-ea61c8ebbd26","lastSyncedTimestamp":"2023-11-25T22:33:21.478Z-0007-9f1896d34d0cbf9c","lastScheduleRun":"2023-11-25","budget.collapsed":[],"show-balances-5eb2f01d-fefd-4761-ae35-d072a9a656f5":false,"resetClock":true,"encryptKeyId":null,"isPrivacyEnabled":false,"budget.startMonth":"2023-11","flags.updateNotificationShownForVersion":"v23.11.0","cloudFileId":"7faf5e11-3160-422a-b35a-529a27664fad"}