{"id":"My-Finances-25a48dd","budgetName":"My Finances","userId":"99b14ec1-e961-4eb6-a153-cf2ceb027873","lastUploaded":"2024-02-25","groupId":"af3607ce-ca89-4fd1-bec5-e0b9a0e3998a","lastSyncedTimestamp":"2024-03-02T12:12:27.167Z-0001-9f9864574bb11bdb","lastScheduleRun":"2024-03-02","budget.collapsed":[],"show-balances-5eb2f01d-fefd-4761-ae35-d072a9a656f5":false,"resetClock":true,"encryptKeyId":null,"isPrivacyEnabled":false,"budget.startMonth":"2024-02","flags.updateNotificationShownForVersion":"v24.2.0","flags.customReports":true,"flags.categorySpendingReport":true,"flags.sankeyReport":true,"flags.reportBudget":true,"flags.goalTemplatesEnabled":true,"budget.summaryCollapsed":true,"cloudFileId":"75cd10c9-2f58-4155-b685-536392137dfb","budgetType":"rollover"}